coverage	Lee et al.	James et al.	Weile et al.
3	0.08993742	0.0899475	0.00584086
5	0.08981534	0.0898073	0.00148471
7	0.08976243	0.0897701	0.00114065
9	0.09007155	0.09005365	0.00101127
11	0.08996796	0.08997036	0.00100229

