coverage	Lee et al.	James et al.	Weile et al.
3	0.52624748	0.3284341	0.22013846
5	0.10685049	0.10146736	0.03872534
7	0.00854696	0.01381816	0.01399753
9	0.00026833	0.00304268	0.00145119
11	0	0.00024907	0.00029214

