coverage	Lee et al.	James et al.	Weile et al.
3	0.00013702	0.01455855	0.00476479
5	0.00073339	0.00292662	0.00112167
7	0.00159398	0.00158313	0.00081385
9	0.0026235	0.00113832	0.00005548
11	0.00361519	0.00021567	0.00001522

